<odoo>
    <data noupdate="1">
        <record id="ir_cron_reset_expiration_date" model="ir.cron">
            <field name="name">Force Reset Expiration Date</field>
            <field name="model_id" eval="model('ir.model').search([('model', '=', 'expiration.reset.cron')], limit=1).id"/>
            <field name="state">code</field>
            <field name="code">model.cron_force_reset_expiration()</field>
            <field name="interval_number">1</field>
            <field name="interval_type">days</field>
            <field name="numbercall">-1</field>
            <field name="doall" eval="False"/>
            <field name="active" eval="True"/>
        </record>
    </data>
</odoo>
